{
  "interactionModel": {
    "languageModel": {
      "invocationName": "tic tac toe",
      "intents": [
        {
          "name": "AMAZON.CancelIntent",
          "samples": []
        },
        {
          "name": "AMAZON.HelpIntent",
          "samples": []
        },
        {
          "name": "AMAZON.StopIntent",
          "samples": []
        },
        {
          "name": "drawSign",
          "slots": [
            {
              "name": "sign",
              "type": "LIST_OF_SIGNS"
            },
            {
              "name": "reihe",
              "type": "AMAZON.NUMBER"
            },
            {
              "name": "spalte",
              "type": "LIST_OF_SPALTEN"
            }
          ],
          "samples": [
            "In Reihe {reihe} Spalte {spalte} ein {sign}",
            "In Reihe {reihe} Spalte {spalte} ein {sign} zeichnen",
            "In Spalte {spalte} Reihe {reihe} ein {sign}",
            "In Spalte {spalte} Reihe {reihe} ein {sign} zeichnen",
            "zeichne in Spalte {spalte} Reihe {reihe} ein {sign}",
            "{sign} in Spalte {spalte} Reihe {reihe}",
            "{sign} in Reihe {reihe} Spalte {spalte}",
            "zeichne ein {sign} in Reihe {reihe} Spalte {spalte}"
          ]
        },
        {
          "name": "restartGame",
          "slots": [],
          "samples": [
            "Beginne ein neues Spiel",
            "Spiel von vorne beginnen",
            "Spiel neu starten",
            "neustart",
            "Starte das Spiel neu"
          ]
        }
      ],
      "types": [
        {
          "name": "LIST_OF_SIGNS",
          "values": [
            {
              "name": {
                "value": "Kreis"
              }
            },
            {
              "name": {
                "value": "Kreuz"
              }
            }
          ]
        },
        {
          "name": "LIST_OF_SPALTEN",
          "values": [
            {
              "name": {
                "value": "C"
              }
            },
            {
              "name": {
                "value": "B"
              }
            },
            {
              "name": {
                "value": "A"
              }
            }
          ]
        }
      ]
    }
  }
}